"id","parent_id:id","code","name"
"nace_root","","","NACE"
"nace_A","nace_root","A","AGRICULTURE, FORESTRY AND FISHING"
"nace_01","nace_A","01","Crop and animal production, hunting and related service activities"
"nace_01_1","nace_01","01.1","Growing of non-perennial crops"
"nace_01_11","nace_01_1","01.11","Growing of cereals (except rice), leguminous crops and oil seeds"
"nace_01_12","nace_01_1","01.12","Growing of rice"
"nace_01_13","nace_01_1","01.13","Growing of vegetables and melons, roots and tubers"
"nace_01_14","nace_01_1","01.14","Growing of sugar cane"
"nace_01_15","nace_01_1","01.15","Growing of tobacco"
"nace_01_16","nace_01_1","01.16","Growing of fibre crops"
"nace_01_19","nace_01_1","01.19","Growing of other non-perennial crops"
"nace_01_2","nace_01","01.2","Growing of perennial crops"
"nace_01_21","nace_01_2","01.21","Growing of grapes"
"nace_01_22","nace_01_2","01.22","Growing of tropical and subtropical fruits"
"nace_01_23","nace_01_2","01.23","Growing of citrus fruits"
"nace_01_24","nace_01_2","01.24","Growing of pome fruits and stone fruits"
"nace_01_25","nace_01_2","01.25","Growing of other tree and bush fruits and nuts"
"nace_01_26","nace_01_2","01.26","Growing of oleaginous fruits"
"nace_01_27","nace_01_2","01.27","Growing of beverage crops"
"nace_01_28","nace_01_2","01.28","Growing of spices, aromatic, drug and pharmaceutical crops"
"nace_01_29","nace_01_2","01.29","Growing of other perennial crops"
"nace_01_3","nace_01","01.3","Plant propagation"
"nace_01_30","nace_01_3","01.30","Plant propagation"
"nace_01_4","nace_01","01.4","Animal production"
"nace_01_41","nace_01_4","01.41","Raising of dairy cattle"
"nace_01_42","nace_01_4","01.42","Raising of other cattle and buffaloes"
"nace_01_43","nace_01_4","01.43","Raising of horses and other equines"
"nace_01_44","nace_01_4","01.44","Raising of camels and camelids"
"nace_01_45","nace_01_4","01.45","Raising of sheep and goats"
"nace_01_46","nace_01_4","01.46","Raising of swine/pigs"
"nace_01_47","nace_01_4","01.47","Raising of poultry"
"nace_01_49","nace_01_4","01.49","Raising of other animals"
"nace_01_5","nace_01","01.5","Mixed farming"
"nace_01_50","nace_01_5","01.50","Mixed farming"
"nace_01_6","nace_01","01.6","Support activities to agriculture and post-harvest crop activities"
"nace_01_61","nace_01_6","01.61","Support activities for crop production"
"nace_01_62","nace_01_6","01.62","Support activities for animal production"
"nace_01_63","nace_01_6","01.63","Post-harvest crop activities"
"nace_01_64","nace_01_6","01.64","Seed processing for propagation"
"nace_01_7","nace_01","01.7","Hunting, trapping and related service activities"
"nace_01_70","nace_01_7","01.70","Hunting, trapping and related service activities"
"nace_02","nace_A","02","Forestry and logging"
"nace_02_1","nace_02","02.1","Silviculture and other forestry activities"
"nace_02_10","nace_02_1","02.10","Silviculture and other forestry activities"
"nace_02_2","nace_02","02.2","Logging"
"nace_02_20","nace_02_2","02.20","Logging"
"nace_02_3","nace_02","02.3","Gathering of wild growing non-wood products"
"nace_02_30","nace_02_3","02.30","Gathering of wild growing non-wood products"
"nace_02_4","nace_02","02.4","Support services to forestry"
"nace_02_40","nace_02_4","02.40","Support services to forestry"
"nace_03","nace_A","03","Fishing and aquaculture"
"nace_03_1","nace_03","03.1","Fishing"
"nace_03_11","nace_03_1","03.11","Marine fishing"
"nace_03_12","nace_03_1","03.12","Freshwater fishing"
"nace_03_2","nace_03","03.2","Aquaculture"
"nace_03_21","nace_03_2","03.21","Marine aquaculture"
"nace_03_22","nace_03_2","03.22","Freshwater aquaculture"
"nace_B","nace_root","B","MINING AND QUARRYING"
"nace_05","nace_B","05","Mining of coal and lignite"
"nace_05_1","nace_05","05.1","Mining of hard coal"
"nace_05_10","nace_05_1","05.10","Mining of hard coal"
"nace_05_2","nace_05","05.2","Mining of lignite"
"nace_05_20","nace_05_2","05.20","Mining of lignite"
"nace_06","nace_B","06","Extraction of crude petroleum and natural gas"
"nace_06_1","nace_06","06.1","Extraction of crude petroleum"
"nace_06_10","nace_06_1","06.10","Extraction of crude petroleum"
"nace_06_2","nace_06","06.2","Extraction of natural gas"
"nace_06_20","nace_06_2","06.20","Extraction of natural gas"
"nace_07","nace_B","07","Mining of metal ores"
"nace_07_1","nace_07","07.1","Mining of iron ores"
"nace_07_10","nace_07_1","07.10","Mining of iron ores"
"nace_07_2","nace_07","07.2","Mining of non-ferrous metal ores"
"nace_07_21","nace_07_2","07.21","Mining of uranium and thorium ores"
"nace_07_29","nace_07_2","07.29","Mining of other non-ferrous metal ores"
"nace_08","nace_B","08","Other mining and quarrying"
"nace_08_1","nace_08","08.1","Quarrying of stone, sand and clay"
"nace_08_11","nace_08_1","08.11","Quarrying of ornamental and building stone, limestone, gypsum, chalk and slate"
"nace_08_12","nace_08_1","08.12","Operation of gravel and sand pits; mining of clays and kaolin"
"nace_08_9","nace_08","08.9","Mining and quarrying n.e.c."
"nace_08_91","nace_08_9","08.91","Mining of chemical and fertiliser minerals"
"nace_08_92","nace_08_9","08.92","Extraction of peat"
"nace_08_93","nace_08_9","08.93","Extraction of salt"
"nace_08_99","nace_08_9","08.99","Other mining and quarrying n.e.c."
"nace_09","nace_B","09","Mining support service activities"
"nace_09_1","nace_09","09.1","Support activities for petroleum and natural gas extraction"
"nace_09_10","nace_09_1","09.10","Support activities for petroleum and natural gas extraction"
"nace_09_9","nace_09","09.9","Support activities for other mining and quarrying"
"nace_09_90","nace_09_9","09.90","Support activities for other mining and quarrying"
"nace_C","nace_root","C","MANUFACTURING"
"nace_10","nace_C","10","Manufacture of food products"
"nace_10_1","nace_10","10.1","Processing and preserving of meat and production of meat products"
"nace_10_11","nace_10_1","10.11","Processing and preserving of meat"
"nace_10_12","nace_10_1","10.12","Processing and preserving of poultry meat"
"nace_10_13","nace_10_1","10.13","Production of meat and poultry meat products"
"nace_10_2","nace_10","10.2","Processing and preserving of fish, crustaceans and molluscs"
"nace_10_20","nace_10_2","10.20","Processing and preserving of fish, crustaceans and molluscs"
"nace_10_3","nace_10","10.3","Processing and preserving of fruit and vegetables"
"nace_10_31","nace_10_3","10.31","Processing and preserving of potatoes"
"nace_10_32","nace_10_3","10.32","Manufacture of fruit and vegetable juice"
"nace_10_39","nace_10_3","10.39","Other processing and preserving of fruit and vegetables"
"nace_10_4","nace_10","10.4","Manufacture of vegetable and animal oils and fats"
"nace_10_41","nace_10_4","10.41","Manufacture of oils and fats"
"nace_10_42","nace_10_4","10.42","Manufacture of margarine and similar edible fats"
"nace_10_5","nace_10","10.5","Manufacture of dairy products"
"nace_10_51","nace_10_5","10.51","Operation of dairies and cheese making"
"nace_10_52","nace_10_5","10.52","Manufacture of ice cream"
"nace_10_6","nace_10","10.6","Manufacture of grain mill products, starches and starch products"
"nace_10_61","nace_10_6","10.61","Manufacture of grain mill products"
"nace_10_62","nace_10_6","10.62","Manufacture of starches and starch products"
"nace_10_7","nace_10","10.7","Manufacture of bakery and farinaceous products"
"nace_10_71","nace_10_7","10.71","Manufacture of bread; manufacture of fresh pastry goods and cakes"
"nace_10_72","nace_10_7","10.72","Manufacture of rusks and biscuits; manufacture of preserved pastry goods and cakes"
"nace_10_73","nace_10_7","10.73","Manufacture of macaroni, noodles, couscous and similar farinaceous products"
"nace_10_8","nace_10","10.8","Manufacture of other food products"
"nace_10_81","nace_10_8","10.81","Manufacture of sugar"
"nace_10_82","nace_10_8","10.82","Manufacture of cocoa, chocolate and sugar confectionery"
"nace_10_83","nace_10_8","10.83","Processing of tea and coffee"
"nace_10_84","nace_10_8","10.84","Manufacture of condiments and seasonings"
"nace_10_85","nace_10_8","10.85","Manufacture of prepared meals and dishes"
"nace_10_86","nace_10_8","10.86","Manufacture of homogenised food preparations and dietetic food"
"nace_10_89","nace_10_8","10.89","Manufacture of other food products n.e.c."
"nace_10_9","nace_10","10.9","Manufacture of prepared animal feeds"
"nace_10_91","nace_10_9","10.91","Manufacture of prepared feeds for farm animals"
"nace_10_92","nace_10_9","10.92","Manufacture of prepared pet foods"
"nace_11","nace_C","11","Manufacture of beverages"
"nace_11_0","nace_11","11.0","Manufacture of beverages"
"nace_11_01","nace_11_0","11.01","Distilling, rectifying and blending of spirits"
"nace_11_02","nace_11_0","11.02","Manufacture of wine from grape"
"nace_11_03","nace_11_0","11.03","Manufacture of cider and other fruit wines"
"nace_11_04","nace_11_0","11.04","Manufacture of other non-distilled fermented beverages"
"nace_11_05","nace_11_0","11.05","Manufacture of beer"
"nace_11_06","nace_11_0","11.06","Manufacture of malt"
"nace_11_07","nace_11_0","11.07","Manufacture of soft drinks; production of mineral waters and other bottled waters"
"nace_12","nace_C","12","Manufacture of tobacco products"
"nace_12_0","nace_12","12.0","Manufacture of tobacco products"
"nace_12_00","nace_12_0","12.00","Manufacture of tobacco products"
"nace_13","nace_C","13","Manufacture of textiles"
"nace_13_1","nace_13","13.1","Preparation and spinning of textile fibres"
"nace_13_10","nace_13_1","13.10","Preparation and spinning of textile fibres"
"nace_13_2","nace_13","13.2","Weaving of textiles"
"nace_13_20","nace_13_2","13.20","Weaving of textiles"
"nace_13_3","nace_13","13.3","Finishing of textiles"
"nace_13_30","nace_13_3","13.30","Finishing of textiles"
"nace_13_9","nace_13","13.9","Manufacture of other textiles"
"nace_13_91","nace_13_9","13.91","Manufacture of knitted and crocheted fabrics"
"nace_13_92","nace_13_9","13.92","Manufacture of made-up textile articles, except apparel"
"nace_13_93","nace_13_9","13.93","Manufacture of carpets and rugs"
"nace_13_94","nace_13_9","13.94","Manufacture of cordage, rope, twine and netting"
"nace_13_95","nace_13_9","13.95","Manufacture of non-wovens and articles made from non-wovens, except apparel"
"nace_13_96","nace_13_9","13.96","Manufacture of other technical and industrial textiles"
"nace_13_99","nace_13_9","13.99","Manufacture of other textiles n.e.c."
"nace_14","nace_C","14","Manufacture of wearing apparel"
"nace_14_1","nace_14","14.1","Manufacture of wearing apparel, except fur apparel"
"nace_14_11","nace_14_1","14.11","Manufacture of leather clothes"
"nace_14_12","nace_14_1","14.12","Manufacture of workwear"
"nace_14_13","nace_14_1","14.13","Manufacture of other outerwear"
"nace_14_14","nace_14_1","14.14","Manufacture of underwear"
"nace_14_19","nace_14_1","14.19","Manufacture of other wearing apparel and accessories"
"nace_14_2","nace_14","14.2","Manufacture of articles of fur"
"nace_14_20","nace_14_2","14.20","Manufacture of articles of fur"
"nace_14_3","nace_14","14.3","Manufacture of knitted and crocheted apparel"
"nace_14_31","nace_14_3","14.31","Manufacture of knitted and crocheted hosiery"
"nace_14_39","nace_14_3","14.39","Manufacture of other knitted and crocheted apparel"
"nace_15","nace_C","15","Manufacture of leather and related products"
"nace_15_1","nace_15","15.1","Tanning and dressing of leather; manufacture of luggage, handbags, saddlery and harness; dressing and dyeing of fur"
"nace_15_11","nace_15_1","15.11","Tanning and dressing of leather; dressing and dyeing of fur"
"nace_15_12","nace_15_1","15.12","Manufacture of luggage, handbags and the like, saddlery and harness"
"nace_15_2","nace_15","15.2","Manufacture of footwear"
"nace_15_20","nace_15_2","15.20","Manufacture of footwear"
"nace_16","nace_C","16","Manufacture of wood and of products of wood and cork, except furniture; manufacture of articles of straw and plaiting materials"
"nace_16_1","nace_16","16.1","Sawmilling and planing of wood"
"nace_16_10","nace_16_1","16.10","Sawmilling and planing of wood"
"nace_16_2","nace_16","16.2","Manufacture of products of wood, cork, straw and plaiting materials"
"nace_16_21","nace_16_2","16.21","Manufacture of veneer sheets and wood-based panels"
"nace_16_22","nace_16_2","16.22","Manufacture of assembled parquet floors"
"nace_16_23","nace_16_2","16.23","Manufacture of other builders' carpentry and joinery"
"nace_16_24","nace_16_2","16.24","Manufacture of wooden containers"
"nace_16_29","nace_16_2","16.29","Manufacture of other products of wood; manufacture of articles of cork, straw and plaiting materials"
"nace_17","nace_C","17","Manufacture of paper and paper products"
"nace_17_1","nace_17","17.1","Manufacture of pulp, paper and paperboard"
"nace_17_11","nace_17_1","17.11","Manufacture of pulp"
"nace_17_12","nace_17_1","17.12","Manufacture of paper and paperboard"
"nace_17_2","nace_17","17.2","Manufacture of articles of paper and paperboard "
"nace_17_21","nace_17_2","17.21","Manufacture of corrugated paper and paperboard and of containers of paper and paperboard"
"nace_17_22","nace_17_2","17.22","Manufacture of household and sanitary goods and of toilet requisites"
"nace_17_23","nace_17_2","17.23","Manufacture of paper stationery"
"nace_17_24","nace_17_2","17.24","Manufacture of wallpaper"
"nace_17_29","nace_17_2","17.29","Manufacture of other articles of paper and paperboard"
"nace_18","nace_C","18","Printing and reproduction of recorded media"
"nace_18_1","nace_18","18.1","Printing and service activities related to printing"
"nace_18_11","nace_18_1","18.11","Printing of newspapers"
"nace_18_12","nace_18_1","18.12","Other printing"
"nace_18_13","nace_18_1","18.13","Pre-press and pre-media services"
"nace_18_14","nace_18_1","18.14","Binding and related services"
"nace_18_2","nace_18","18.2","Reproduction of recorded media"
"nace_18_20","nace_18_2","18.20","Reproduction of recorded media"
"nace_19","nace_C","19","Manufacture of coke and refined petroleum products"
"nace_19_1","nace_19","19.1","Manufacture of coke oven products"
"nace_19_10","nace_19_1","19.10","Manufacture of coke oven products"
"nace_19_2","nace_19","19.2","Manufacture of refined petroleum products"
"nace_19_20","nace_19_2","19.20","Manufacture of refined petroleum products"
"nace_20","nace_C","20","Manufacture of chemicals and chemical products"
"nace_20_1","nace_20","20.1","Manufacture of basic chemicals, fertilisers and nitrogen compounds, plastics and synthetic rubber in primary forms"
"nace_20_11","nace_20_1","20.11","Manufacture of industrial gases"
"nace_20_12","nace_20_1","20.12","Manufacture of dyes and pigments"
"nace_20_13","nace_20_1","20.13","Manufacture of other inorganic basic chemicals"
"nace_20_14","nace_20_1","20.14","Manufacture of other organic basic chemicals"
"nace_20_15","nace_20_1","20.15","Manufacture of fertilisers and nitrogen compounds"
"nace_20_16","nace_20_1","20.16","Manufacture of plastics in primary forms"
"nace_20_17","nace_20_1","20.17","Manufacture of synthetic rubber in primary forms"
"nace_20_2","nace_20","20.2","Manufacture of pesticides and other agrochemical products"
"nace_20_20","nace_20_2","20.20","Manufacture of pesticides and other agrochemical products"
"nace_20_3","nace_20","20.3","Manufacture of paints, varnishes and similar coatings, printing ink and mastics"
"nace_20_30","nace_20_3","20.30","Manufacture of paints, varnishes and similar coatings, printing ink and mastics"
"nace_20_4","nace_20","20.4","Manufacture of soap and detergents, cleaning and polishing preparations, perfumes and toilet preparations"
"nace_20_41","nace_20_4","20.41","Manufacture of soap and detergents, cleaning and polishing preparations"
"nace_20_42","nace_20_4","20.42","Manufacture of perfumes and toilet preparations"
"nace_20_5","nace_20","20.5","Manufacture of other chemical products"
"nace_20_51","nace_20_5","20.51","Manufacture of explosives"
"nace_20_52","nace_20_5","20.52","Manufacture of glues"
"nace_20_53","nace_20_5","20.53","Manufacture of essential oils"
"nace_20_59","nace_20_5","20.59","Manufacture of other chemical products n.e.c."
"nace_20_6","nace_20","20.6","Manufacture of man-made fibres"
"nace_20_60","nace_20_6","20.60","Manufacture of man-made fibres"
"nace_21","nace_C","21","Manufacture of basic pharmaceutical products and pharmaceutical preparations"
"nace_21_1","nace_21","21.1","Manufacture of basic pharmaceutical products"
"nace_21_10","nace_21_1","21.10","Manufacture of basic pharmaceutical products"
"nace_21_2","nace_21","21.2","Manufacture of pharmaceutical preparations"
"nace_21_20","nace_21_2","21.20","Manufacture of pharmaceutical preparations"
"nace_22","nace_C","22","Manufacture of rubber and plastic products"
"nace_22_1","nace_22","22.1","Manufacture of rubber products"
"nace_22_11","nace_22_1","22.11","Manufacture of rubber tyres and tubes; retreading and rebuilding of rubber tyres"
"nace_22_19","nace_22_1","22.19","Manufacture of other rubber products"
"nace_22_2","nace_22","22.2","Manufacture of plastic products"
"nace_22_21","nace_22_2","22.21","Manufacture of plastic plates, sheets, tubes and profiles"
"nace_22_22","nace_22_2","22.22","Manufacture of plastic packing goods"
"nace_22_23","nace_22_2","22.23","Manufacture of buildersâ€™ ware of plastic"
"nace_22_29","nace_22_2","22.29","Manufacture of other plastic products"
"nace_23","nace_C","23","Manufacture of other non-metallic mineral products"
"nace_23_1","nace_23","23.1","Manufacture of glass and glass products"
"nace_23_11","nace_23_1","23.11","Manufacture of flat glass"
"nace_23_12","nace_23_1","23.12","Shaping and processing of flat glass"
"nace_23_13","nace_23_1","23.13","Manufacture of hollow glass"
"nace_23_14","nace_23_1","23.14","Manufacture of glass fibres"
"nace_23_19","nace_23_1","23.19","Manufacture and processing of other glass, including technical glassware"
"nace_23_2","nace_23","23.2","Manufacture of refractory products"
"nace_23_20","nace_23_2","23.20","Manufacture of refractory products"
"nace_23_3","nace_23","23.3","Manufacture of clay building materials"
"nace_23_31","nace_23_3","23.31","Manufacture of ceramic tiles and flags"
"nace_23_32","nace_23_3","23.32","Manufacture of bricks, tiles and construction products, in baked clay"
"nace_23_4","nace_23","23.4","Manufacture of other porcelain and ceramic products"
"nace_23_41","nace_23_4","23.41","Manufacture of ceramic household and ornamental articles"
"nace_23_42","nace_23_4","23.42","Manufacture of ceramic sanitary fixtures"
"nace_23_43","nace_23_4","23.43","Manufacture of ceramic insulators and insulating fittings"
"nace_23_44","nace_23_4","23.44","Manufacture of other technical ceramic products"
"nace_23_49","nace_23_4","23.49","Manufacture of other ceramic products"
"nace_23_5","nace_23","23.5","Manufacture of cement, lime and plaster"
"nace_23_51","nace_23_5","23.51","Manufacture of cement"
"nace_23_52","nace_23_5","23.52","Manufacture of lime and plaster"
"nace_23_6","nace_23","23.6","Manufacture of articles of concrete, cement and plaster"
"nace_23_61","nace_23_6","23.61","Manufacture of concrete products for construction purposes"
"nace_23_62","nace_23_6","23.62","Manufacture of plaster products for construction purposes"
"nace_23_63","nace_23_6","23.63","Manufacture of ready-mixed concrete"
"nace_23_64","nace_23_6","23.64","Manufacture of mortars"
"nace_23_65","nace_23_6","23.65","Manufacture of fibre cement"
"nace_23_69","nace_23_6","23.69","Manufacture of other articles of concrete, plaster and cement"
"nace_23_7","nace_23","23.7","Cutting, shaping and finishing of stone"
"nace_23_70","nace_23_7","23.70","Cutting, shaping and finishing of stone"
"nace_23_9","nace_23","23.9","Manufacture of abrasive products and non-metallic mineral products n.e.c."
"nace_23_91","nace_23_9","23.91","Production of abrasive products"
"nace_23_99","nace_23_9","23.99","Manufacture of other non-metallic mineral products n.e.c."
"nace_24","nace_C","24","Manufacture of basic metals"
"nace_24_1","nace_24","24.1","Manufacture of basic iron and steel and of ferro-alloys"
"nace_24_10","nace_24_1","24.10","Manufacture of basic iron and steel and of ferro-alloys "
"nace_24_2","nace_24","24.2","Manufacture of tubes, pipes, hollow profiles and related fittings, of steel"
"nace_24_20","nace_24_2","24.20","Manufacture of tubes, pipes, hollow profiles and related fittings, of steel"
"nace_24_3","nace_24","24.3","Manufacture of other products of first processing of steel"
"nace_24_31","nace_24_3","24.31","Cold drawing of bars"
"nace_24_32","nace_24_3","24.32","Cold rolling of narrow strip"
"nace_24_33","nace_24_3","24.33","Cold forming or folding"
"nace_24_34","nace_24_3","24.34","Cold drawing of wire"
"nace_24_4","nace_24","24.4","Manufacture of basic precious and other non-ferrous metals"
"nace_24_41","nace_24_4","24.41","Precious metals production"
"nace_24_42","nace_24_4","24.42","Aluminium production"
"nace_24_43","nace_24_4","24.43","Lead, zinc and tin production"
"nace_24_44","nace_24_4","24.44","Copper production"
"nace_24_45","nace_24_4","24.45","Other non-ferrous metal production"
"nace_24_46","nace_24_4","24.46","Processing of nuclear fuel "
"nace_24_5","nace_24","24.5","Casting of metals"
"nace_24_51","nace_24_5","24.51","Casting of iron"
"nace_24_52","nace_24_5","24.52","Casting of steel"
"nace_24_53","nace_24_5","24.53","Casting of light metals"
"nace_24_54","nace_24_5","24.54","Casting of other non-ferrous metals"
"nace_25","nace_C","25","Manufacture of fabricated metal products, except machinery and equipment"
"nace_25_1","nace_25","25.1","Manufacture of structural metal products"
"nace_25_11","nace_25_1","25.11","Manufacture of metal structures and parts of structures"
"nace_25_12","nace_25_1","25.12","Manufacture of doors and windows of metal"
"nace_25_2","nace_25","25.2","Manufacture of tanks, reservoirs and containers of metal"
"nace_25_21","nace_25_2","25.21","Manufacture of central heating radiators and boilers"
"nace_25_29","nace_25_2","25.29","Manufacture of other tanks, reservoirs and containers of metal"
"nace_25_3","nace_25","25.3","Manufacture of steam generators, except central heating hot water boilers"
"nace_25_30","nace_25_3","25.30","Manufacture of steam generators, except central heating hot water boilers"
"nace_25_4","nace_25","25.4","Manufacture of weapons and ammunition"
"nace_25_40","nace_25_4","25.40","Manufacture of weapons and ammunition"
"nace_25_5","nace_25","25.5","Forging, pressing, stamping and roll-forming of metal; powder metallurgy"
"nace_25_50","nace_25_5","25.50","Forging, pressing, stamping and roll-forming of metal; powder metallurgy"
"nace_25_6","nace_25","25.6","Treatment and coating of metals; machining"
"nace_25_61","nace_25_6","25.61","Treatment and coating of metals"
"nace_25_62","nace_25_6","25.62","Machining"
"nace_25_7","nace_25","25.7","Manufacture of cutlery, tools and general hardware"
"nace_25_71","nace_25_7","25.71","Manufacture of cutlery"
"nace_25_72","nace_25_7","25.72","Manufacture of locks and hinges"
"nace_25_73","nace_25_7","25.73","Manufacture of tools"
"nace_25_9","nace_25","25.9","Manufacture of other fabricated metal products"
"nace_25_91","nace_25_9","25.91","Manufacture of steel drums and similar containers"
"nace_25_92","nace_25_9","25.92","Manufacture of light metal packaging "
"nace_25_93","nace_25_9","25.93","Manufacture of wire products, chain and springs"
"nace_25_94","nace_25_9","25.94","Manufacture of fasteners and screw machine products"
"nace_25_99","nace_25_9","25.99","Manufacture of other fabricated metal products n.e.c."
"nace_26","nace_C","26","Manufacture of computer, electronic and optical products"
"nace_26_1","nace_26","26.1","Manufacture of electronic components and boards"
"nace_26_11","nace_26_1","26.11","Manufacture of electronic components"
"nace_26_12","nace_26_1","26.12","Manufacture of loaded electronic boards"
"nace_26_2","nace_26","26.2","Manufacture of computers and peripheral equipment"
"nace_26_20","nace_26_2","26.20","Manufacture of computers and peripheral equipment"
"nace_26_3","nace_26","26.3","Manufacture of communication equipment"
"nace_26_30","nace_26_3","26.30","Manufacture of communication equipment"
"nace_26_4","nace_26","26.4","Manufacture of consumer electronics"
"nace_26_40","nace_26_4","26.40","Manufacture of consumer electronics"
"nace_26_5","nace_26","26.5","Manufacture of instruments and appliances for measuring, testing and navigation; watches and clocks"
"nace_26_51","nace_26_5","26.51","Manufacture of instruments and appliances for measuring, testing and navigation"
"nace_26_52","nace_26_5","26.52","Manufacture of watches and clocks"
"nace_26_6","nace_26","26.6","Manufacture of irradiation, electromedical and electrotherapeutic equipment"
"nace_26_60","nace_26_6","26.60","Manufacture of irradiation, electromedical and electrotherapeutic equipment"
"nace_26_7","nace_26","26.7","Manufacture of optical instruments and photographic equipment"
"nace_26_70","nace_26_7","26.70","Manufacture of optical instruments and photographic equipment"
"nace_26_8","nace_26","26.8","Manufacture of magnetic and optical media"
"nace_26_80","nace_26_8","26.80","Manufacture of magnetic and optical media"
"nace_27","nace_C","27","Manufacture of electrical equipment"
"nace_27_1","nace_27","27.1","Manufacture of electric motors, generators, transformers and electricity distribution and control apparatus"
"nace_27_11","nace_27_1","27.11","Manufacture of electric motors, generators and transformers"
"nace_27_12","nace_27_1","27.12","Manufacture of electricity distribution and control apparatus"
"nace_27_2","nace_27","27.2","Manufacture of batteries and accumulators"
"nace_27_20","nace_27_2","27.20","Manufacture of batteries and accumulators"
"nace_27_3","nace_27","27.3","Manufacture of wiring and wiring devices"
"nace_27_31","nace_27_3","27.31","Manufacture of fibre optic cables"
"nace_27_32","nace_27_3","27.32","Manufacture of other electronic and electric wires and cables"
"nace_27_33","nace_27_3","27.33","Manufacture of wiring devices"
"nace_27_4","nace_27","27.4","Manufacture of electric lighting equipment"
"nace_27_40","nace_27_4","27.40","Manufacture of electric lighting equipment"
"nace_27_5","nace_27","27.5","Manufacture of domestic appliances"
"nace_27_51","nace_27_5","27.51","Manufacture of electric domestic appliances"
"nace_27_52","nace_27_5","27.52","Manufacture of non-electric domestic appliances"
"nace_27_9","nace_27","27.9","Manufacture of other electrical equipment"
"nace_27_90","nace_27_9","27.90","Manufacture of other electrical equipment"
"nace_28","nace_C","28","Manufacture of machinery and equipment n.e.c."
"nace_28_1","nace_28","28.1","Manufacture of general-purpose machinery"
"nace_28_11","nace_28_1","28.11","Manufacture of engines and turbines, except aircraft, vehicle and cycle engines"
"nace_28_12","nace_28_1","28.12","Manufacture of fluid power equipment"
"nace_28_13","nace_28_1","28.13","Manufacture of other pumps and compressors"
"nace_28_14","nace_28_1","28.14","Manufacture of other taps and valves"
"nace_28_15","nace_28_1","28.15","Manufacture of bearings, gears, gearing and driving elements"
"nace_28_2","nace_28","28.2","Manufacture of other general-purpose machinery"
"nace_28_21","nace_28_2","28.21","Manufacture of ovens, furnaces and furnace burners"
"nace_28_22","nace_28_2","28.22","Manufacture of lifting and handling equipment"
"nace_28_23","nace_28_2","28.23","Manufacture of office machinery and equipment (except computers and peripheral equipment)"
"nace_28_24","nace_28_2","28.24","Manufacture of power-driven hand tools"
"nace_28_25","nace_28_2","28.25","Manufacture of non-domestic cooling and ventilation equipment"
"nace_28_29","nace_28_2","28.29","Manufacture of other general-purpose machinery n.e.c."
"nace_28_3","nace_28","28.3","Manufacture of agricultural and forestry machinery"
"nace_28_30","nace_28_3","28.30","Manufacture of agricultural and forestry machinery"
"nace_28_4","nace_28","28.4","Manufacture of metal forming machinery and machine tools"
"nace_28_41","nace_28_4","28.41","Manufacture of metal forming machinery"
"nace_28_49","nace_28_4","28.49","Manufacture of other machine tools"
"nace_28_9","nace_28","28.9","Manufacture of other special-purpose machinery"
"nace_28_91","nace_28_9","28.91","Manufacture of machinery for metallurgy"
"nace_28_92","nace_28_9","28.92","Manufacture of machinery for mining, quarrying and construction"
"nace_28_93","nace_28_9","28.93","Manufacture of machinery for food, beverage and tobacco processing"
"nace_28_94","nace_28_9","28.94","Manufacture of machinery for textile, apparel and leather production"
"nace_28_95","nace_28_9","28.95","Manufacture of machinery for paper and paperboard production"
"nace_28_96","nace_28_9","28.96","Manufacture of plastics and rubber machinery"
"nace_28_99","nace_28_9","28.99","Manufacture of other special-purpose machinery n.e.c."
"nace_29","nace_C","29","Manufacture of motor vehicles, trailers and semi-trailers"
"nace_29_1","nace_29","29.1","Manufacture of motor vehicles"
"nace_29_10","nace_29_1","29.10","Manufacture of motor vehicles"
"nace_29_2","nace_29","29.2","Manufacture of bodies (coachwork) for motor vehicles; manufacture of trailers and semi-trailers"
"nace_29_20","nace_29_2","29.20","Manufacture of bodies (coachwork) for motor vehicles; manufacture of trailers and semi-trailers"
"nace_29_3","nace_29","29.3","Manufacture of parts and accessories for motor vehicles"
"nace_29_31","nace_29_3","29.31","Manufacture of electrical and electronic equipment for motor vehicles"
"nace_29_32","nace_29_3","29.32","Manufacture of other parts and accessories for motor vehicles"
"nace_30","nace_C","30","Manufacture of other transport equipment"
"nace_30_1","nace_30","30.1","Building of ships and boats"
"nace_30_11","nace_30_1","30.11","Building of ships and floating structures"
"nace_30_12","nace_30_1","30.12","Building of pleasure and sporting boats"
"nace_30_2","nace_30","30.2","Manufacture of railway locomotives and rolling stock"
"nace_30_20","nace_30_2","30.20","Manufacture of railway locomotives and rolling stock"
"nace_30_3","nace_30","30.3","Manufacture of air and spacecraft and related machinery"
"nace_30_30","nace_30_3","30.30","Manufacture of air and spacecraft and related machinery"
"nace_30_4","nace_30","30.4","Manufacture of military fighting vehicles"
"nace_30_40","nace_30_4","30.40","Manufacture of military fighting vehicles"
"nace_30_9","nace_30","30.9","Manufacture of transport equipment n.e.c."
"nace_30_91","nace_30_9","30.91","Manufacture of motorcycles"
"nace_30_92","nace_30_9","30.92","Manufacture of bicycles and invalid carriages"
"nace_30_99","nace_30_9","30.99","Manufacture of other transport equipment n.e.c."
"nace_31","nace_C","31","Manufacture of furniture"
"nace_31_0","nace_31","31.0","Manufacture of furniture"
"nace_31_01","nace_31_0","31.01","Manufacture of office and shop furniture"
"nace_31_02","nace_31_0","31.02","Manufacture of kitchen furniture"
"nace_31_03","nace_31_0","31.03","Manufacture of mattresses"
"nace_31_09","nace_31_0","31.09","Manufacture of other furniture"
"nace_32","nace_C","32","Other manufacturing"
"nace_32_1","nace_32","32.1","Manufacture of jewellery, bijouterie and related articles"
"nace_32_11","nace_32_1","32.11","Striking of coins"
"nace_32_12","nace_32_1","32.12","Manufacture of jewellery and related articles"
"nace_32_13","nace_32_1","32.13","Manufacture of imitation jewellery and related articles"
"nace_32_2","nace_32","32.2","Manufacture of musical instruments"
"nace_32_20","nace_32_2","32.20","Manufacture of musical instruments"
"nace_32_3","nace_32","32.3","Manufacture of sports goods"
"nace_32_30","nace_32_3","32.30","Manufacture of sports goods"
"nace_32_4","nace_32","32.4","Manufacture of games and toys"
"nace_32_40","nace_32_4","32.40","Manufacture of games and toys"
"nace_32_5","nace_32","32.5","Manufacture of medical and dental instruments and supplies"
"nace_32_50","nace_32_5","32.50","Manufacture of medical and dental instruments and supplies"
"nace_32_9","nace_32","32.9","Manufacturing n.e.c."
"nace_32_91","nace_32_9","32.91","Manufacture of brooms and brushes"
"nace_32_99","nace_32_9","32.99","Other manufacturing n.e.c. "
"nace_33","nace_C","33","Repair and installation of machinery and equipment"
"nace_33_1","nace_33","33.1","Repair of fabricated metal products, machinery and equipment"
"nace_33_11","nace_33_1","33.11","Repair of fabricated metal products"
"nace_33_12","nace_33_1","33.12","Repair of machinery"
"nace_33_13","nace_33_1","33.13","Repair of electronic and optical equipment"
"nace_33_14","nace_33_1","33.14","Repair of electrical equipment"
"nace_33_15","nace_33_1","33.15","Repair and maintenance of ships and boats"
"nace_33_16","nace_33_1","33.16","Repair and maintenance of aircraft and spacecraft"
"nace_33_17","nace_33_1","33.17","Repair and maintenance of other transport equipment"
"nace_33_19","nace_33_1","33.19","Repair of other equipment"
"nace_33_2","nace_33","33.2","Installation of industrial machinery and equipment"
"nace_33_20","nace_33_2","33.20","Installation of industrial machinery and equipment"
"nace_D","nace_root","D","ELECTRICITY, GAS, STEAM AND AIR CONDITIONING SUPPLY"
"nace_35","nace_D","35","Electricity, gas, steam and air conditioning supply"
"nace_35_1","nace_35","35.1","Electric power generation, transmission and distribution"
"nace_35_11","nace_35_1","35.11","Production of electricity"
"nace_35_12","nace_35_1","35.12","Transmission of electricity"
"nace_35_13","nace_35_1","35.13","Distribution of electricity"
"nace_35_14","nace_35_1","35.14","Trade of electricity"
"nace_35_2","nace_35","35.2","Manufacture of gas; distribution of gaseous fuels through mains"
"nace_35_21","nace_35_2","35.21","Manufacture of gas"
"nace_35_22","nace_35_2","35.22","Distribution of gaseous fuels through mains"
"nace_35_23","nace_35_2","35.23","Trade of gas through mains"
"nace_35_3","nace_35","35.3","Steam and air conditioning supply"
"nace_35_30","nace_35_3","35.30","Steam and air conditioning supply"
"nace_E","nace_root","E","WATER SUPPLY; SEWERAGE, WASTE MANAGEMENT AND REMEDIATION ACTIVITIES"
"nace_36","nace_E","36","Water collection, treatment and supply"
"nace_36_0","nace_36","36.0","Water collection, treatment and supply"
"nace_36_00","nace_36_0","36.00","Water collection, treatment and supply"
"nace_37","nace_E","37","Sewerage"
"nace_37_0","nace_37","37.0","Sewerage"
"nace_37_00","nace_37_0","37.00","Sewerage"
"nace_38","nace_E","38","Waste collection, treatment and disposal activities; materials recovery"
"nace_38_1","nace_38","38.1","Waste collection"
"nace_38_11","nace_38_1","38.11","Collection of non-hazardous waste"
"nace_38_12","nace_38_1","38.12","Collection of hazardous waste"
"nace_38_2","nace_38","38.2","Waste treatment and disposal"
"nace_38_21","nace_38_2","38.21","Treatment and disposal of non-hazardous waste"
"nace_38_22","nace_38_2","38.22","Treatment and disposal of hazardous waste"
"nace_38_3","nace_38","38.3","Materials recovery"
"nace_38_31","nace_38_3","38.31","Dismantling of wrecks"
"nace_38_32","nace_38_3","38.32","Recovery of sorted materials"
"nace_39","nace_E","39","Remediation activities and other waste management services"
"nace_39_0","nace_39","39.0","Remediation activities and other waste management services"
"nace_39_00","nace_39_0","39.00","Remediation activities and other waste management services"
"nace_F","nace_root","F","CONSTRUCTION"
"nace_41","nace_F","41","Construction of buildings"
"nace_41_1","nace_41","41.1","Development of building projects"
"nace_41_10","nace_41_1","41.10","Development of building projects"
"nace_41_2","nace_41","41.2","Construction of residential and non-residential buildings"
"nace_41_20","nace_41_2","41.20","Construction of residential and non-residential buildings"
"nace_42","nace_F","42","Civil engineering"
"nace_42_1","nace_42","42.1","Construction of roads and railways"
"nace_42_11","nace_42_1","42.11","Construction of roads and motorways"
"nace_42_12","nace_42_1","42.12","Construction of railways and underground railways"
"nace_42_13","nace_42_1","42.13","Construction of bridges and tunnels"
"nace_42_2","nace_42","42.2","Construction of utility projects"
"nace_42_21","nace_42_2","42.21","Construction of utility projects for fluids"
"nace_42_22","nace_42_2","42.22","Construction of utility projects for electricity and telecommunications"
"nace_42_9","nace_42","42.9","Construction of other civil engineering projects"
"nace_42_91","nace_42_9","42.91","Construction of water projects"
"nace_42_99","nace_42_9","42.99","Construction of other civil engineering projects n.e.c."
"nace_43","nace_F","43","Specialised construction activities"
"nace_43_1","nace_43","43.1","Demolition and site preparation"
"nace_43_11","nace_43_1","43.11","Demolition"
"nace_43_12","nace_43_1","43.12","Site preparation"
"nace_43_13","nace_43_1","43.13","Test drilling and boring"
"nace_43_2","nace_43","43.2","Electrical, plumbing and other construction installation activities"
"nace_43_21","nace_43_2","43.21","Electrical installation"
"nace_43_22","nace_43_2","43.22","Plumbing, heat and air-conditioning installation"
"nace_43_29","nace_43_2","43.29","Other construction installation"
"nace_43_3","nace_43","43.3","Building completion and finishing"
"nace_43_31","nace_43_3","43.31","Plastering"
"nace_43_32","nace_43_3","43.32","Joinery installation"
"nace_43_33","nace_43_3","43.33","Floor and wall covering"
"nace_43_34","nace_43_3","43.34","Painting and glazing"
"nace_43_39","nace_43_3","43.39","Other building completion and finishing"
"nace_43_9","nace_43","43.9","Other specialised construction activities"
"nace_43_91","nace_43_9","43.91","Roofing activities"
"nace_43_99","nace_43_9","43.99","Other specialised construction activities n.e.c."
"nace_G","nace_root","G","WHOLESALE AND RETAIL TRADE; REPAIR OF MOTOR VEHICLES AND MOTORCYCLES"
"nace_45","nace_G","45","Wholesale and retail trade and repair of motor vehicles and motorcycles"
"nace_45_1","nace_45","45.1","Sale of motor vehicles"
"nace_45_11","nace_45_1","45.11","Sale of cars and light motor vehicles"
"nace_45_19","nace_45_1","45.19","Sale of other motor vehicles"
"nace_45_2","nace_45","45.2","Maintenance and repair of motor vehicles"
"nace_45_20","nace_45_2","45.20","Maintenance and repair of motor vehicles"
"nace_45_3","nace_45","45.3","Sale of motor vehicle parts and accessories"
"nace_45_31","nace_45_3","45.31","Wholesale trade of motor vehicle parts and accessories"
"nace_45_32","nace_45_3","45.32","Retail trade of motor vehicle parts and accessories"
"nace_45_4","nace_45","45.4","Sale, maintenance and repair of motorcycles and related parts and accessories"
"nace_45_40","nace_45_4","45.40","Sale, maintenance and repair of motorcycles and related parts and accessories"
"nace_46","nace_G","46","Wholesale trade, except of motor vehicles and motorcycles"
"nace_46_1","nace_46","46.1","Wholesale on a fee or contract basis"
"nace_46_11","nace_46_1","46.11","Agents involved in the sale of agricultural raw materials, live animals, textile raw materials and semi-finished goods"
"nace_46_12","nace_46_1","46.12","Agents involved in the sale of fuels, ores, metals and industrial chemicals"
"nace_46_13","nace_46_1","46.13","Agents involved in the sale of timber and building materials"
"nace_46_14","nace_46_1","46.14","Agents involved in the sale of machinery, industrial equipment, ships and aircraft"
"nace_46_15","nace_46_1","46.15","Agents involved in the sale of furniture, household goods, hardware and ironmongery"
"nace_46_16","nace_46_1","46.16","Agents involved in the sale of textiles, clothing, fur, footwear and leather goods"
"nace_46_17","nace_46_1","46.17","Agents involved in the sale of food, beverages and tobacco"
"nace_46_18","nace_46_1","46.18","Agents specialised in the sale of other particular products"
"nace_46_19","nace_46_1","46.19","Agents involved in the sale of a variety of goods"
"nace_46_2","nace_46","46.2","Wholesale of agricultural raw materials and live animals"
"nace_46_21","nace_46_2","46.21","Wholesale of grain, unmanufactured tobacco, seeds and animal feeds"
"nace_46_22","nace_46_2","46.22","Wholesale of flowers and plants"
"nace_46_23","nace_46_2","46.23","Wholesale of live animals"
"nace_46_24","nace_46_2","46.24","Wholesale of hides, skins and leather"
"nace_46_3","nace_46","46.3","Wholesale of food, beverages and tobacco"
"nace_46_31","nace_46_3","46.31","Wholesale of fruit and vegetables"
"nace_46_32","nace_46_3","46.32","Wholesale of meat and meat products"
"nace_46_33","nace_46_3","46.33","Wholesale of dairy products, eggs and edible oils and fats"
"nace_46_34","nace_46_3","46.34","Wholesale of beverages"
"nace_46_35","nace_46_3","46.35","Wholesale of tobacco products"
"nace_46_36","nace_46_3","46.36","Wholesale of sugar and chocolate and sugar confectionery"
"nace_46_37","nace_46_3","46.37","Wholesale of coffee, tea, cocoa and spices"
"nace_46_38","nace_46_3","46.38","Wholesale of other food, including fish, crustaceans and molluscs"
"nace_46_39","nace_46_3","46.39","Non-specialised wholesale of food, beverages and tobacco"
"nace_46_4","nace_46","46.4","Wholesale of household goods"
"nace_46_41","nace_46_4","46.41","Wholesale of textiles"
"nace_46_42","nace_46_4","46.42","Wholesale of clothing and footwear"
"nace_46_43","nace_46_4","46.43","Wholesale of electrical household appliances"
"nace_46_44","nace_46_4","46.44","Wholesale of china and glassware and cleaning materials"
"nace_46_45","nace_46_4","46.45","Wholesale of perfume and cosmetics"
"nace_46_46","nace_46_4","46.46","Wholesale of pharmaceutical goods"
"nace_46_47","nace_46_4","46.47","Wholesale of furniture, carpets and lighting equipment"
"nace_46_48","nace_46_4","46.48","Wholesale of watches and jewellery"
"nace_46_49","nace_46_4","46.49","Wholesale of other household goods"
"nace_46_5","nace_46","46.5","Wholesale of information and communication equipment"
"nace_46_51","nace_46_5","46.51","Wholesale of computers, computer peripheral equipment and software"
"nace_46_52","nace_46_5","46.52","Wholesale of electronic and telecommunications equipment and parts"
"nace_46_6","nace_46","46.6","Wholesale of other machinery, equipment and supplies"
"nace_46_61","nace_46_6","46.61","Wholesale of agricultural machinery, equipment and supplies"
"nace_46_62","nace_46_6","46.62","Wholesale of machine tools"
"nace_46_63","nace_46_6","46.63","Wholesale of mining, construction and civil engineering machinery"
"nace_46_64","nace_46_6","46.64","Wholesale of machinery for the textile industry and of sewing and knitting machines"
"nace_46_65","nace_46_6","46.65","Wholesale of office furniture"
"nace_46_66","nace_46_6","46.66","Wholesale of other office machinery and equipment"
"nace_46_69","nace_46_6","46.69","Wholesale of other machinery and equipment"
"nace_46_7","nace_46","46.7","Other specialised wholesale"
"nace_46_71","nace_46_7","46.71","Wholesale of solid, liquid and gaseous fuels and related products"
"nace_46_72","nace_46_7","46.72","Wholesale of metals and metal ores"
"nace_46_73","nace_46_7","46.73","Wholesale of wood, construction materials and sanitary equipment"
"nace_46_74","nace_46_7","46.74","Wholesale of hardware, plumbing and heating equipment and supplies"
"nace_46_75","nace_46_7","46.75","Wholesale of chemical products"
"nace_46_76","nace_46_7","46.76","Wholesale of other intermediate products"
"nace_46_77","nace_46_7","46.77","Wholesale of waste and scrap"
"nace_46_9","nace_46","46.9","Non-specialised wholesale trade"
"nace_46_90","nace_46_9","46.90","Non-specialised wholesale trade"
"nace_47","nace_G","47","Retail trade, except of motor vehicles and motorcycles"
"nace_47_1","nace_47","47.1","Retail sale in non-specialised stores"
"nace_47_11","nace_47_1","47.11","Retail sale in non-specialised stores with food, beverages or tobacco predominating"
"nace_47_19","nace_47_1","47.19","Other retail sale in non-specialised stores"
"nace_47_2","nace_47","47.2","Retail sale of food, beverages and tobacco in specialised stores"
"nace_47_21","nace_47_2","47.21","Retail sale of fruit and vegetables in specialised stores"
"nace_47_22","nace_47_2","47.22","Retail sale of meat and meat products in specialised stores"
"nace_47_23","nace_47_2","47.23","Retail sale of fish, crustaceans and molluscs in specialised stores"
"nace_47_24","nace_47_2","47.24","Retail sale of bread, cakes, flour confectionery and sugar confectionery in specialised stores"
"nace_47_25","nace_47_2","47.25","Retail sale of beverages in specialised stores"
"nace_47_26","nace_47_2","47.26","Retail sale of tobacco products in specialised stores"
"nace_47_29","nace_47_2","47.29","Other retail sale of food in specialised stores"
"nace_47_3","nace_47","47.3","Retail sale of automotive fuel in specialised stores"
"nace_47_30","nace_47_3","47.30","Retail sale of automotive fuel in specialised stores"
"nace_47_4","nace_47","47.4","Retail sale of information and communication equipment in specialised stores"
"nace_47_41","nace_47_4","47.41","Retail sale of computers, peripheral units and software in specialised stores"
"nace_47_42","nace_47_4","47.42","Retail sale of telecommunications equipment in specialised stores"
"nace_47_43","nace_47_4","47.43","Retail sale of audio and video equipment in specialised stores"
"nace_47_5","nace_47","47.5","Retail sale of other household equipment in specialised stores"
"nace_47_51","nace_47_5","47.51","Retail sale of textiles in specialised stores"
"nace_47_52","nace_47_5","47.52","Retail sale of hardware, paints and glass in specialised stores"
"nace_47_53","nace_47_5","47.53","Retail sale of carpets, rugs, wall and floor coverings in specialised stores"
"nace_47_54","nace_47_5","47.54","Retail sale of electrical household appliances in specialised stores"
"nace_47_59","nace_47_5","47.59","Retail sale of furniture, lighting equipment and other household articles in specialised stores"
"nace_47_6","nace_47","47.6","Retail sale of cultural and recreation goods in specialised stores"
"nace_47_61","nace_47_6","47.61","Retail sale of books in specialised stores"
"nace_47_62","nace_47_6","47.62","Retail sale of newspapers and stationery in specialised stores"
"nace_47_63","nace_47_6","47.63","Retail sale of music and video recordings in specialised stores"
"nace_47_64","nace_47_6","47.64","Retail sale of sporting equipment in specialised stores"
"nace_47_65","nace_47_6","47.65","Retail sale of games and toys in specialised stores"
"nace_47_7","nace_47","47.7","Retail sale of other goods in specialised stores"
"nace_47_71","nace_47_7","47.71","Retail sale of clothing in specialised stores"
"nace_47_72","nace_47_7","47.72","Retail sale of footwear and leather goods in specialised stores"
"nace_47_73","nace_47_7","47.73","Dispensing chemist in specialised stores"
"nace_47_74","nace_47_7","47.74","Retail sale of medical and orthopaedic goods in specialised stores"
"nace_47_75","nace_47_7","47.75","Retail sale of cosmetic and toilet articles in specialised stores"
"nace_47_76","nace_47_7","47.76","Retail sale of flowers, plants, seeds, fertilisers, pet animals and pet food in specialised stores"
"nace_47_77","nace_47_7","47.77","Retail sale of watches and jewellery in specialised stores"
"nace_47_78","nace_47_7","47.78","Other retail sale of new goods in specialised stores"
"nace_47_79","nace_47_7","47.79","Retail sale of second-hand goods in stores"
"nace_47_8","nace_47","47.8","Retail sale via stalls and markets"
"nace_47_81","nace_47_8","47.81","Retail sale via stalls and markets of food, beverages and tobacco products"
"nace_47_82","nace_47_8","47.82","Retail sale via stalls and markets of textiles, clothing and footwear"
"nace_47_89","nace_47_8","47.89","Retail sale via stalls and markets of other goods"
"nace_47_9","nace_47","47.9","Retail trade not in stores, stalls or markets"
"nace_47_91","nace_47_9","47.91","Retail sale via mail order houses or via Internet"
"nace_47_99","nace_47_9","47.99","Other retail sale not in stores, stalls or markets"
"nace_H","nace_root","H","TRANSPORTATION AND STORAGE"
"nace_49","nace_H","49","Land transport and transport via pipelines"
"nace_49_1","nace_49","49.1","Passenger rail transport, interurban"
"nace_49_10","nace_49_1","49.10","Passenger rail transport, interurban"
"nace_49_2","nace_49","49.2","Freight rail transport"
"nace_49_20","nace_49_2","49.20","Freight rail transport"
"nace_49_3","nace_49","49.3","Other passenger land transport "
"nace_49_31","nace_49_3","49.31","Urban and suburban passenger land transport"
"nace_49_32","nace_49_3","49.32","Taxi operation"
"nace_49_39","nace_49_3","49.39","Other passenger land transport n.e.c."
"nace_49_4","nace_49","49.4","Freight transport by road and removal services"
"nace_49_41","nace_49_4","49.41","Freight transport by road"
"nace_49_42","nace_49_4","49.42","Removal services"
"nace_49_5","nace_49","49.5","Transport via pipeline"
"nace_49_50","nace_49_5","49.50","Transport via pipeline"
"nace_50","nace_H","50","Water transport"
"nace_50_1","nace_50","50.1","Sea and coastal passenger water transport"
"nace_50_10","nace_50_1","50.10","Sea and coastal passenger water transport"
"nace_50_2","nace_50","50.2","Sea and coastal freight water transport"
"nace_50_20","nace_50_2","50.20","Sea and coastal freight water transport"
"nace_50_3","nace_50","50.3","Inland passenger water transport"
"nace_50_30","nace_50_3","50.30","Inland passenger water transport"
"nace_50_4","nace_50","50.4","Inland freight water transport"
"nace_50_40","nace_50_4","50.40","Inland freight water transport"
"nace_51","nace_H","51","Air transport"
"nace_51_1","nace_51","51.1","Passenger air transport"
"nace_51_10","nace_51_1","51.10","Passenger air transport"
"nace_51_2","nace_51","51.2","Freight air transport and space transport"
"nace_51_21","nace_51_2","51.21","Freight air transport"
"nace_51_22","nace_51_2","51.22","Space transport"
"nace_52","nace_H","52","Warehousing and support activities for transportation"
"nace_52_1","nace_52","52.1","Warehousing and storage"
"nace_52_10","nace_52_1","52.10","Warehousing and storage"
"nace_52_2","nace_52","52.2","Support activities for transportation"
"nace_52_21","nace_52_2","52.21","Service activities incidental to land transportation"
"nace_52_22","nace_52_2","52.22","Service activities incidental to water transportation"
"nace_52_23","nace_52_2","52.23","Service activities incidental to air transportation"
"nace_52_24","nace_52_2","52.24","Cargo handling"
"nace_52_29","nace_52_2","52.29","Other transportation support activities "
"nace_53","nace_H","53","Postal and courier activities"
"nace_53_1","nace_53","53.1","Postal activities under universal service obligation"
"nace_53_10","nace_53_1","53.10","Postal activities under universal service obligation"
"nace_53_2","nace_53","53.2","Other postal and courier activities"
"nace_53_20","nace_53_2","53.20","Other postal and courier activities"
"nace_I","nace_root","I","ACCOMMODATION AND FOOD SERVICE ACTIVITIES"
"nace_55","nace_I","55","Accommodation"
"nace_55_1","nace_55","55.1","Hotels and similar accommodation"
"nace_55_10","nace_55_1","55.10","Hotels and similar accommodation"
"nace_55_2","nace_55","55.2","Holiday and other short-stay accommodation"
"nace_55_20","nace_55_2","55.20","Holiday and other short-stay accommodation"
"nace_55_3","nace_55","55.3","Camping grounds, recreational vehicle parks and trailer parks"
"nace_55_30","nace_55_3","55.30","Camping grounds, recreational vehicle parks and trailer parks"
"nace_55_9","nace_55","55.9","Other accommodation"
"nace_55_90","nace_55_9","55.90","Other accommodation"
"nace_56","nace_I","56","Food and beverage service activities"
"nace_56_1","nace_56","56.1","Restaurants and mobile food service activities"
"nace_56_10","nace_56_1","56.10","Restaurants and mobile food service activities"
"nace_56_2","nace_56","56.2","Event catering and other food service activities"
"nace_56_21","nace_56_2","56.21","Event catering activities"
"nace_56_29","nace_56_2","56.29","Other food service activities"
"nace_56_3","nace_56","56.3","Beverage serving activities"
"nace_56_30","nace_56_3","56.30","Beverage serving activities"
"nace_J","nace_root","J","INFORMATION AND COMMUNICATION"
"nace_58","nace_J","58","Publishing activities"
"nace_58_1","nace_58","58.1","Publishing of books, periodicals and other publishing activities"
"nace_58_11","nace_58_1","58.11","Book publishing"
"nace_58_12","nace_58_1","58.12","Publishing of directories and mailing lists"
"nace_58_13","nace_58_1","58.13","Publishing of newspapers"
"nace_58_14","nace_58_1","58.14","Publishing of journals and periodicals"
"nace_58_19","nace_58_1","58.19","Other publishing activities"
"nace_58_2","nace_58","58.2","Software publishing"
"nace_58_21","nace_58_2","58.21","Publishing of computer games"
"nace_58_29","nace_58_2","58.29","Other software publishing"
"nace_59","nace_J","59","Motion picture, video and television programme production, sound recording and music publishing activities"
"nace_59_1","nace_59","59.1","Motion picture, video and television programme activities"
"nace_59_11","nace_59_1","59.11","Motion picture, video and television programme production activities"
"nace_59_12","nace_59_1","59.12","Motion picture, video and television programme post-production activities"
"nace_59_13","nace_59_1","59.13","Motion picture, video and television programme distribution activities"
"nace_59_14","nace_59_1","59.14","Motion picture projection activities"
"nace_59_2","nace_59","59.2","Sound recording and music publishing activities"
"nace_59_20","nace_59_2","59.20","Sound recording and music publishing activities"
"nace_60","nace_J","60","Programming and broadcasting activities"
"nace_60_1","nace_60","60.1","Radio broadcasting"
"nace_60_10","nace_60_1","60.10","Radio broadcasting"
"nace_60_2","nace_60","60.2","Television programming and broadcasting activities"
"nace_60_20","nace_60_2","60.20","Television programming and broadcasting activities"
"nace_61","nace_J","61","Telecommunications"
"nace_61_1","nace_61","61.1","Wired telecommunications activities"
"nace_61_10","nace_61_1","61.10","Wired telecommunications activities"
"nace_61_2","nace_61","61.2","Wireless telecommunications activities"
"nace_61_20","nace_61_2","61.20","Wireless telecommunications activities"
"nace_61_3","nace_61","61.3","Satellite telecommunications activities"
"nace_61_30","nace_61_3","61.30","Satellite telecommunications activities"
"nace_61_9","nace_61","61.9","Other telecommunications activities"
"nace_61_90","nace_61_9","61.90","Other telecommunications activities"
"nace_62","nace_J","62","Computer programming, consultancy and related activities"
"nace_62_0","nace_62","62.0","Computer programming, consultancy and related activities"
"nace_62_01","nace_62_0","62.01","Computer programming activities"
"nace_62_02","nace_62_0","62.02","Computer consultancy activities"
"nace_62_03","nace_62_0","62.03","Computer facilities management activities"
"nace_62_09","nace_62_0","62.09","Other information technology and computer service activities"
"nace_63","nace_J","63","Information service activities"
"nace_63_1","nace_63","63.1","Data processing, hosting and related activities; web portals"
"nace_63_11","nace_63_1","63.11","Data processing, hosting and related activities"
"nace_63_12","nace_63_1","63.12","Web portals"
"nace_63_9","nace_63","63.9","Other information service activities"
"nace_63_91","nace_63_9","63.91","News agency activities"
"nace_63_99","nace_63_9","63.99","Other information service activities n.e.c."
"nace_K","nace_root","K","FINANCIAL AND INSURANCE ACTIVITIES"
"nace_64","nace_K","64","Financial service activities, except insurance and pension funding"
"nace_64_1","nace_64","64.1","Monetary intermediation"
"nace_64_11","nace_64_1","64.11","Central banking"
"nace_64_19","nace_64_1","64.19","Other monetary intermediation"
"nace_64_2","nace_64","64.2","Activities of holding companies"
"nace_64_20","nace_64_2","64.20","Activities of holding companies"
"nace_64_3","nace_64","64.3","Trusts, funds and similar financial entities"
"nace_64_30","nace_64_3","64.30","Trusts, funds and similar financial entities"
"nace_64_9","nace_64","64.9","Other financial service activities, except insurance and pension funding"
"nace_64_91","nace_64_9","64.91","Financial leasing"
"nace_64_92","nace_64_9","64.92","Other credit granting"
"nace_64_99","nace_64_9","64.99","Other financial service activities, except insurance and pension funding n.e.c."
"nace_65","nace_K","65","Insurance, reinsurance and pension funding, except compulsory social security"
"nace_65_1","nace_65","65.1","Insurance"
"nace_65_11","nace_65_1","65.11","Life insurance"
"nace_65_12","nace_65_1","65.12","Non-life insurance"
"nace_65_2","nace_65","65.2","Reinsurance"
"nace_65_20","nace_65_2","65.20","Reinsurance"
"nace_65_3","nace_65","65.3","Pension funding"
"nace_65_30","nace_65_3","65.30","Pension funding"
"nace_66","nace_K","66","Activities auxiliary to financial services and insurance activities"
"nace_66_1","nace_66","66.1","Activities auxiliary to financial services, except insurance and pension funding"
"nace_66_11","nace_66_1","66.11","Administration of financial markets"
"nace_66_12","nace_66_1","66.12","Security and commodity contracts brokerage"
"nace_66_19","nace_66_1","66.19","Other activities auxiliary to financial services, except insurance and pension funding"
"nace_66_2","nace_66","66.2","Activities auxiliary to insurance and pension funding"
"nace_66_21","nace_66_2","66.21","Risk and damage evaluation"
"nace_66_22","nace_66_2","66.22","Activities of insurance agents and brokers"
"nace_66_29","nace_66_2","66.29","Other activities auxiliary to insurance and pension funding"
"nace_66_3","nace_66","66.3","Fund management activities"
"nace_66_30","nace_66_3","66.30","Fund management activities"
"nace_L","nace_root","L","REAL ESTATE ACTIVITIES"
"nace_68","nace_L","68","Real estate activities"
"nace_68_1","nace_68","68.1","Buying and selling of own real estate"
"nace_68_10","nace_68_1","68.10","Buying and selling of own real estate"
"nace_68_2","nace_68","68.2","Rental and operating of own or leased real estate"
"nace_68_20","nace_68_2","68.20","Rental and operating of own or leased real estate"
"nace_68_3","nace_68","68.3","Real estate activities on a fee or contract basis"
"nace_68_31","nace_68_3","68.31","Real estate agencies"
"nace_68_32","nace_68_3","68.32","Management of real estate on a fee or contract basis"
"nace_M","nace_root","M","PROFESSIONAL, SCIENTIFIC AND TECHNICAL ACTIVITIES"
"nace_69","nace_M","69","Legal and accounting activities"
"nace_69_1","nace_69","69.1","Legal activities"
"nace_69_10","nace_69_1","69.10","Legal activities"
"nace_69_2","nace_69","69.2","Accounting, bookkeeping and auditing activities; tax consultancy"
"nace_69_20","nace_69_2","69.20","Accounting, bookkeeping and auditing activities; tax consultancy"
"nace_70","nace_M","70","Activities of head offices; management consultancy activities"
"nace_70_1","nace_70","70.1","Activities of head offices"
"nace_70_10","nace_70_1","70.10","Activities of head offices"
"nace_70_2","nace_70","70.2","Management consultancy activities"
"nace_70_21","nace_70_2","70.21","Public relations and communication activities"
"nace_70_22","nace_70_2","70.22","Business and other management consultancy activities"
"nace_71","nace_M","71","Architectural and engineering activities; technical testing and analysis"
"nace_71_1","nace_71","71.1","Architectural and engineering activities and related technical consultancy"
"nace_71_11","nace_71_1","71.11","Architectural activities "
"nace_71_12","nace_71_1","71.12","Engineering activities and related technical consultancy"
"nace_71_2","nace_71","71.2","Technical testing and analysis"
"nace_71_20","nace_71_2","71.20","Technical testing and analysis"
"nace_72","nace_M","72","Scientific research and development "
"nace_72_1","nace_72","72.1","Research and experimental development on natural sciences and engineering"
"nace_72_11","nace_72_1","72.11","Research and experimental development on biotechnology"
"nace_72_19","nace_72_1","72.19","Other research and experimental development on natural sciences and engineering"
"nace_72_2","nace_72","72.2","Research and experimental development on social sciences and humanities"
"nace_72_20","nace_72_2","72.20","Research and experimental development on social sciences and humanities"
"nace_73","nace_M","73","Advertising and market research"
"nace_73_1","nace_73","73.1","Advertising"
"nace_73_11","nace_73_1","73.11","Advertising agencies"
"nace_73_12","nace_73_1","73.12","Media representation"
"nace_73_2","nace_73","73.2","Market research and public opinion polling"
"nace_73_20","nace_73_2","73.20","Market research and public opinion polling"
"nace_74","nace_M","74","Other professional, scientific and technical activities"
"nace_74_1","nace_74","74.1","Specialised design activities"
"nace_74_10","nace_74_1","74.10","Specialised design activities"
"nace_74_2","nace_74","74.2","Photographic activities"
"nace_74_20","nace_74_2","74.20","Photographic activities"
"nace_74_3","nace_74","74.3","Translation and interpretation activities"
"nace_74_30","nace_74_3","74.30","Translation and interpretation activities"
"nace_74_9","nace_74","74.9","Other professional, scientific and technical activities n.e.c."
"nace_74_90","nace_74_9","74.90","Other professional, scientific and technical activities n.e.c."
"nace_75","nace_M","75","Veterinary activities"
"nace_75_0","nace_75","75.0","Veterinary activities"
"nace_75_00","nace_75_0","75.00","Veterinary activities"
"nace_N","nace_root","N","ADMINISTRATIVE AND SUPPORT SERVICE ACTIVITIES"
"nace_77","nace_N","77","Rental and leasing activities"
"nace_77_1","nace_77","77.1","Rental and leasing of motor vehicles"
"nace_77_11","nace_77_1","77.11","Rental and leasing of cars and light motor vehicles"
"nace_77_12","nace_77_1","77.12","Rental and leasing of trucks"
"nace_77_2","nace_77","77.2","Rental and leasing of personal and household goods"
"nace_77_21","nace_77_2","77.21","Rental and leasing of recreational and sports goods"
"nace_77_22","nace_77_2","77.22","Rental of video tapes and disks"
"nace_77_29","nace_77_2","77.29","Rental and leasing of other personal and household goods"
"nace_77_3","nace_77","77.3","Rental and leasing of other machinery, equipment and tangible goods"
"nace_77_31","nace_77_3","77.31","Rental and leasing of agricultural machinery and equipment"
"nace_77_32","nace_77_3","77.32","Rental and leasing of construction and civil engineering machinery and equipment"
"nace_77_33","nace_77_3","77.33","Rental and leasing of office machinery and equipment (including computers)"
"nace_77_34","nace_77_3","77.34","Rental and leasing of water transport equipment"
"nace_77_35","nace_77_3","77.35","Rental and leasing of air transport equipment"
"nace_77_39","nace_77_3","77.39","Rental and leasing of other machinery, equipment and tangible goods n.e.c."
"nace_77_4","nace_77","77.4","Leasing of intellectual property and similar products, except copyrighted works"
"nace_77_40","nace_77_4","77.40","Leasing of intellectual property and similar products, except copyrighted works"
"nace_78","nace_N","78","Employment activities"
"nace_78_1","nace_78","78.1","Activities of employment placement agencies"
"nace_78_10","nace_78_1","78.10","Activities of employment placement agencies"
"nace_78_2","nace_78","78.2","Temporary employment agency activities"
"nace_78_20","nace_78_2","78.20","Temporary employment agency activities"
"nace_78_3","nace_78","78.3","Other human resources provision"
"nace_78_30","nace_78_3","78.30","Other human resources provision"
"nace_79","nace_N","79","Travel agency, tour operator and other reservation service and related activities"
"nace_79_1","nace_79","79.1","Travel agency and tour operator activities"
"nace_79_11","nace_79_1","79.11","Travel agency activities"
"nace_79_12","nace_79_1","79.12","Tour operator activities"
"nace_79_9","nace_79","79.9","Other reservation service and related activities"
"nace_79_90","nace_79_9","79.90","Other reservation service and related activities"
"nace_80","nace_N","80","Security and investigation activities"
"nace_80_1","nace_80","80.1","Private security activities"
"nace_80_10","nace_80_1","80.10","Private security activities"
"nace_80_2","nace_80","80.2","Security systems service activities"
"nace_80_20","nace_80_2","80.20","Security systems service activities"
"nace_80_3","nace_80","80.3","Investigation activities"
"nace_80_30","nace_80_3","80.30","Investigation activities"
"nace_81","nace_N","81","Services to buildings and landscape activities"
"nace_81_1","nace_81","81.1","Combined facilities support activities"
"nace_81_10","nace_81_1","81.10","Combined facilities support activities"
"nace_81_2","nace_81","81.2","Cleaning activities"
"nace_81_21","nace_81_2","81.21","General cleaning of buildings"
"nace_81_22","nace_81_2","81.22","Other building and industrial cleaning activities"
"nace_81_29","nace_81_2","81.29","Other cleaning activities"
"nace_81_3","nace_81","81.3","Landscape service activities"
"nace_81_30","nace_81_3","81.30","Landscape service activities"
"nace_82","nace_N","82","Office administrative, office support and other business support activities"
"nace_82_1","nace_82","82.1","Office administrative and support activities"
"nace_82_11","nace_82_1","82.11","Combined office administrative service activities"
"nace_82_19","nace_82_1","82.19","Photocopying, document preparation and other specialised office support activities"
"nace_82_2","nace_82","82.2","Activities of call centres"
"nace_82_20","nace_82_2","82.20","Activities of call centres"
"nace_82_3","nace_82","82.3","Organisation of conventions and trade shows"
"nace_82_30","nace_82_3","82.30","Organisation of conventions and trade shows"
"nace_82_9","nace_82","82.9","Business support service activities n.e.c."
"nace_82_91","nace_82_9","82.91","Activities of collection agencies and credit bureaus"
"nace_82_92","nace_82_9","82.92","Packaging activities"
"nace_82_99","nace_82_9","82.99","Other business support service activities n.e.c."
"nace_O","nace_root","O","PUBLIC ADMINISTRATION AND DEFENCE; COMPULSORY SOCIAL SECURITY"
"nace_84","nace_O","84","Public administration and defence; compulsory social security"
"nace_84_1","nace_84","84.1","Administration of the State and the economic and social policy of the community"
"nace_84_11","nace_84_1","84.11","General public administration activities"
"nace_84_12","nace_84_1","84.12","Regulation of the activities of providing health care, education, cultural services and other social services, excluding social security"
"nace_84_13","nace_84_1","84.13","Regulation of and contribution to more efficient operation of businesses"
"nace_84_2","nace_84","84.2","Provision of services to the community as a whole"
"nace_84_21","nace_84_2","84.21","Foreign affairs"
"nace_84_22","nace_84_2","84.22","Defence activities"
"nace_84_23","nace_84_2","84.23","Justice and judicial activities"
"nace_84_24","nace_84_2","84.24","Public order and safety activities"
"nace_84_25","nace_84_2","84.25","Fire service activities"
"nace_84_3","nace_84","84.3","Compulsory social security activities"
"nace_84_30","nace_84_3","84.30","Compulsory social security activities"
"nace_P","nace_root","P","EDUCATION"
"nace_85","nace_P","85","Education"
"nace_85_1","nace_85","85.1","Pre-primary education"
"nace_85_10","nace_85_1","85.10","Pre-primary education "
"nace_85_2","nace_85","85.2","Primary education"
"nace_85_20","nace_85_2","85.20","Primary education "
"nace_85_3","nace_85","85.3","Secondary education"
"nace_85_31","nace_85_3","85.31","General secondary education "
"nace_85_32","nace_85_3","85.32","Technical and vocational secondary education "
"nace_85_4","nace_85","85.4","Higher education"
"nace_85_41","nace_85_4","85.41","Post-secondary non-tertiary education"
"nace_85_42","nace_85_4","85.42","Tertiary education"
"nace_85_5","nace_85","85.5","Other education"
"nace_85_51","nace_85_5","85.51","Sports and recreation education"
"nace_85_52","nace_85_5","85.52","Cultural education"
"nace_85_53","nace_85_5","85.53","Driving school activities"
"nace_85_59","nace_85_5","85.59","Other education n.e.c."
"nace_85_6","nace_85","85.6","Educational support activities"
"nace_85_60","nace_85_6","85.60","Educational support activities"
"nace_Q","nace_root","Q","HUMAN HEALTH AND SOCIAL WORK ACTIVITIES"
"nace_86","nace_Q","86","Human health activities"
"nace_86_1","nace_86","86.1","Hospital activities"
"nace_86_10","nace_86_1","86.10","Hospital activities"
"nace_86_2","nace_86","86.2","Medical and dental practice activities"
"nace_86_21","nace_86_2","86.21","General medical practice activities"
"nace_86_22","nace_86_2","86.22","Specialist medical practice activities"
"nace_86_23","nace_86_2","86.23","Dental practice activities"
"nace_86_9","nace_86","86.9","Other human health activities"
"nace_86_90","nace_86_9","86.90","Other human health activities"
"nace_87","nace_Q","87","Residential care activities"
"nace_87_1","nace_87","87.1","Residential nursing care activities"
"nace_87_10","nace_87_1","87.10","Residential nursing care activities"
"nace_87_2","nace_87","87.2","Residential care activities for mental retardation, mental health and substance abuse"
"nace_87_20","nace_87_2","87.20","Residential care activities for mental retardation, mental health and substance abuse"
"nace_87_3","nace_87","87.3","Residential care activities for the elderly and disabled"
"nace_87_30","nace_87_3","87.30","Residential care activities for the elderly and disabled"
"nace_87_9","nace_87","87.9","Other residential care activities"
"nace_87_90","nace_87_9","87.90","Other residential care activities"
"nace_88","nace_Q","88","Social work activities without accommodation"
"nace_88_1","nace_88","88.1","Social work activities without accommodation for the elderly and disabled"
"nace_88_10","nace_88_1","88.10","Social work activities without accommodation for the elderly and disabled"
"nace_88_9","nace_88","88.9","Other social work activities without accommodation"
"nace_88_91","nace_88_9","88.91","Child day-care activities"
"nace_88_99","nace_88_9","88.99","Other social work activities without accommodation n.e.c."
"nace_R","nace_root","R","ARTS, ENTERTAINMENT AND RECREATION"
"nace_90","nace_R","90","Creative, arts and entertainment activities"
"nace_90_0","nace_90","90.0","Creative, arts and entertainment activities"
"nace_90_01","nace_90_0","90.01","Performing arts"
"nace_90_02","nace_90_0","90.02","Support activities to performing arts"
"nace_90_03","nace_90_0","90.03","Artistic creation"
"nace_90_04","nace_90_0","90.04","Operation of arts facilities"
"nace_91","nace_R","91","Libraries, archives, museums and other cultural activities"
"nace_91_0","nace_91","91.0","Libraries, archives, museums and other cultural activities"
"nace_91_01","nace_91_0","91.01","Library and archives activities"
"nace_91_02","nace_91_0","91.02","Museums activities"
"nace_91_03","nace_91_0","91.03","Operation of historical sites and buildings and similar visitor attractions"
"nace_91_04","nace_91_0","91.04","Botanical and zoological gardens and nature reserves activities"
"nace_92","nace_R","92","Gambling and betting activities"
"nace_92_0","nace_92","92.0","Gambling and betting activities"
"nace_92_00","nace_92_0","92.00","Gambling and betting activities"
"nace_93","nace_R","93","Sports activities and amusement and recreation activities"
"nace_93_1","nace_93","93.1","Sports activities"
"nace_93_11","nace_93_1","93.11","Operation of sports facilities"
"nace_93_12","nace_93_1","93.12","Activities of sports clubs"
"nace_93_13","nace_93_1","93.13","Fitness facilities"
"nace_93_19","nace_93_1","93.19","Other sports activities"
"nace_93_2","nace_93","93.2","Amusement and recreation activities"
"nace_93_21","nace_93_2","93.21","Activities of amusement parks and theme parks"
"nace_93_29","nace_93_2","93.29","Other amusement and recreation activities"
"nace_S","nace_root","S","OTHER SERVICE ACTIVITIES"
"nace_94","nace_S","94","Activities of membership organisations"
"nace_94_1","nace_94","94.1","Activities of business, employers and professional membership organisations"
"nace_94_11","nace_94_1","94.11","Activities of business and employers membership organisations"
"nace_94_12","nace_94_1","94.12","Activities of professional membership organisations"
"nace_94_2","nace_94","94.2","Activities of trade unions"
"nace_94_20","nace_94_2","94.20","Activities of trade unions"
"nace_94_9","nace_94","94.9","Activities of other membership organisations"
"nace_94_91","nace_94_9","94.91","Activities of religious organisations"
"nace_94_92","nace_94_9","94.92","Activities of political organisations"
"nace_94_99","nace_94_9","94.99","Activities of other membership organisations n.e.c."
"nace_95","nace_S","95","Repair of computers and personal and household goods"
"nace_95_1","nace_95","95.1","Repair of computers and communication equipment"
"nace_95_11","nace_95_1","95.11","Repair of computers and peripheral equipment"
"nace_95_12","nace_95_1","95.12","Repair of communication equipment"
"nace_95_2","nace_95","95.2","Repair of personal and household goods"
"nace_95_21","nace_95_2","95.21","Repair of consumer electronics"
"nace_95_22","nace_95_2","95.22","Repair of household appliances and home and garden equipment"
"nace_95_23","nace_95_2","95.23","Repair of footwear and leather goods"
"nace_95_24","nace_95_2","95.24","Repair of furniture and home furnishings"
"nace_95_25","nace_95_2","95.25","Repair of watches, clocks and jewellery"
"nace_95_29","nace_95_2","95.29","Repair of other personal and household goods"
"nace_96","nace_S","96","Other personal service activities"
"nace_96_0","nace_96","96.0","Other personal service activities"
"nace_96_01","nace_96_0","96.01","Washing and (dry-)cleaning of textile and fur products"
"nace_96_02","nace_96_0","96.02","Hairdressing and other beauty treatment"
"nace_96_03","nace_96_0","96.03","Funeral and related activities"
"nace_96_04","nace_96_0","96.04","Physical well-being activities"
"nace_96_09","nace_96_0","96.09","Other personal service activities n.e.c."
"nace_T","nace_root","T","ACTIVITIES OF HOUSEHOLDS AS EMPLOYERS; U0NDIFFERENTIATED GOODS- AND SERVICES-PRODUCING ACTIVITIES OF HOUSEHOLDS FOR OWN USE"
"nace_97","nace_T","97","Activities of households as employers of domestic personnel"
"nace_97_0","nace_97","97.0","Activities of households as employers of domestic personnel"
"nace_97_00","nace_97_0","97.00","Activities of households as employers of domestic personnel"
"nace_98","nace_T","98","Undifferentiated goods- and services-producing activities of private households for own use"
"nace_98_1","nace_98","98.1","Undifferentiated goods-producing activities of private households for own use"
"nace_98_10","nace_98_1","98.10","Undifferentiated goods-producing activities of private households for own use"
"nace_98_2","nace_98","98.2","Undifferentiated service-producing activities of private households for own use"
"nace_98_20","nace_98_2","98.20","Undifferentiated service-producing activities of private households for own use"
"nace_U","nace_root","U","ACTIVITIES OF EXTRATERRITORIAL ORGANISATIONS AND BODIES"
"nace_99","nace_U","99","Activities of extraterritorial organisations and bodies"
"nace_99_0","nace_99","99.0","Activities of extraterritorial organisations and bodies"
"nace_99_00","nace_99_0","99.00","Activities of extraterritorial organisations and bodies"
