"id","numeric_code","full_name","digits_number"
"base.AED","784","UAE Dirham","2"
"base.AFN","971","Afghani","2"
"base.ALL","008","Lek","2"
"base.AMD","051","Armenian Dram","2"
"base.ANG","532","Netherlands Antillean Guilder","2"
"base.AOA","973","Kwanza","2"
"base.ARS","032","Argentine Peso","2"
"base.AUD","036","Australian Dollar","2"
"base.AWG","533","Aruban Florin","2"
"base.AZN","944","Azerbaijan Manat","2"
"base.BAM","977","Convertible Mark","2"
"base.BBD","052","Barbados Dollar","2"
"base.BDT","050","Taka","2"
"base.BGN","975","Bulgarian Lev","2"
"base.BHD","048","Bahraini Dinar","3"
"base.BIF","108","Burundi Franc","0"
"base.BMD","060","Bermudian Dollar","2"
"base.BND","096","Brunei Dollar","2"
"base.BOB","068","Boliviano","2"
"base.BRL","986","Brazilian Real","2"
"base.BSD","044","Bahamian Dollar","2"
"base.BTN","064","Ngultrum","2"
"base.BWP","072","Pula","2"
"base.BYN","933","Belarusian Ruble","2"
"base.BYR","","","0"
"base.BZD","084","Belize Dollar","2"
"base.CAD","124","Canadian Dollar","2"
"base.CDF","976","Congolese Franc","2"
"base.CHF","756","Swiss Franc","2"
"base.CLP","152","Chilean Peso","0"
"base.CNY","156","Yuan Renminbi","2"
"base.COP","170","Colombian Peso","2"
"base.CRC","188","Costa Rican Colon","2"
"base.CUP","192","Cuban Peso","2"
"base.CVE","132","Cabo Verde Escudo","2"
"base.CYP","","","2"
"base.CZK","203","Czech Koruna","2"
"base.DJF","262","Djibouti Franc","0"
"base.DKK","208","Danish Krone","2"
"base.DOP","214","Dominican Peso","2"
"base.DZD","012","Algerian Dinar","2"
"base.ECS","","","2"
"base.EGP","818","Egyptian Pound","2"
"base.ERN","232","Nakfa","2"
"base.ETB","230","Ethiopian Birr","2"
"base.EUR","978","Euro","2"
"base.FJD","242","Fiji Dollar","2"
"base.FKP","238","Falkland Islands Pound","2"
"base.GBP","826","Pound Sterling","2"
"base.GEL","981","Lari","2"
"base.GHS","936","Ghana Cedi","2"
"base.GIP","292","Gibraltar Pound","2"
"base.GMD","270","Dalasi","2"
"base.GNF","324","Guinean Franc","0"
"base.GTQ","320","Quetzal","2"
"base.GYD","328","Guyana Dollar","2"
"base.HKD","344","Hong Kong Dollar","2"
"base.HNL","340","Lempira","2"
"base.HRK","191","Kuna","2"
"base.HTG","332","Gourde","2"
"base.HUF","348","Forint","2"
"base.IDR","360","Rupiah","2"
"base.ILS","376","New Israeli Sheqel","2"
"base.INR","356","Indian Rupee","2"
"base.IQD","368","Iraqi Dinar","3"
"base.IRR","364","Iranian Rial","2"
"base.ISK","352","Iceland Krona","0"
"base.ITL","","","0"
"base.JMD","388","Jamaican Dollar","2"
"base.JOD","400","Jordanian Dinar","3"
"base.JPY","392","Yen","0"
"base.KES","404","Kenyan Shilling","2"
"base.KGS","417","Som","2"
"base.KHR","116","Riel","2"
"base.KMF","174","Comorian Franc","0"
"base.KPW","408","North Korean Won","2"
"base.KRW","410","Won","0"
"base.KWD","414","Kuwaiti Dinar","3"
"base.KYD","136","Cayman Islands Dollar","2"
"base.KZT","398","Tenge","2"
"base.LAK","418","Lao Kip","2"
"base.LBP","422","Lebanese Pound","2"
"base.LKR","144","Sri Lanka Rupee","2"
"base.LRD","430","Liberian Dollar","2"
"base.LSL","426","Loti","2"
"base.LTL","","","2"
"base.LVL","","","2"
"base.LYD","434","Libyan Dinar","3"
"base.MAD","504","Moroccan Dirham","2"
"base.MDL","498","Moldovan Leu","2"
"base.MGA","969","Malagasy Ariary","2"
"base.MKD","807","Denar","2"
"base.MMK","104","Kyat","2"
"base.MNT","496","Tugrik","2"
"base.MOP","446","Pataca","2"
"base.MRO","","","2"
"base.MUR","480","Mauritius Rupee","2"
"base.MVR","462","Rufiyaa","2"
"base.MWK","454","Malawi Kwacha","2"
"base.MXN","484","Mexican Peso","2"
"base.MYR","458","Malaysian Ringgit","2"
"base.MZN","943","Mozambique Metical","2"
"base.NAD","516","Namibia Dollar","2"
"base.NGN","566","Naira","2"
"base.NIO","558","Cordoba Oro","2"
"base.NOK","578","Norwegian Krone","2"
"base.NPR","524","Nepalese Rupee","2"
"base.NZD","554","New Zealand Dollar","2"
"base.OMR","512","Rial Omani","3"
"base.PAB","590","Balboa","2"
"base.PEN","604","Sol","2"
"base.PGK","598","Kina","2"
"base.PHP","608","Philippine Peso","2"
"base.PKR","586","Pakistan Rupee","2"
"base.PLN","985","Zloty","2"
"base.PLZ","","","2"
"base.PYG","600","Guarani","0"
"base.QAR","634","Qatari Rial","2"
"base.QTQ","","","2"
"base.RON","946","Romanian Leu","2"
"base.RSD","941","Serbian Dinar","2"
"base.RUB","643","Russian Ruble","2"
"base.RUR","","","2"
"base.RWF","646","Rwanda Franc","0"
"base.SAR","682","Saudi Riyal","2"
"base.SBD","090","Solomon Islands Dollar","2"
"base.SCR","690","Seychelles Rupee","2"
"base.SDD","","","2"
"base.SDG","938","Sudanese Pound","2"
"base.SEK","752","Swedish Krona","2"
"base.SGD","702","Singapore Dollar","2"
"base.SHP","654","Saint Helena Pound","2"
"base.SKK","","","2"
"base.SLL","694","Leone","2"
"base.SOD","","","2"
"base.SRG","","","2"
"base.SSP","728","South Sudanese Pound","2"
"base.STD","","","2"
"base.SVC","222","El Salvador Colon","2"
"base.SYP","760","Syrian Pound","2"
"base.SZL","748","Lilangeni","2"
"base.THB","764","Baht","2"
"base.TJS","972","Somoni","2"
"base.TMM","","","2"
"base.TND","788","Tunisian Dinar","3"
"base.TOP","776","Paâ€™anga","2"
"base.TRY","949","Turkish Lira","2"
"base.TTD","780","Trinidad and Tobago Dollar","2"
"base.TWD","901","New Taiwan Dollar","2"
"base.TZS","834","Tanzanian Shilling","2"
"base.UAG","","","2"
"base.UAH","980","Hryvnia","2"
"base.UGX","800","Uganda Shilling","0"
"base.USD","840","US Dollar","2"
"base.UYU","858","Peso Uruguayo","2"
"base.UZS","860","Uzbekistan Sum","2"
"base.VEF","","","2"
"base.VND","704","Dong","0"
"base.VUV","548","Vatu","0"
"base.WST","882","Tala","2"
"base.XAF","950","CFA Franc BEAC","0"
"base.XCD","951","East Caribbean Dollar","2"
"base.XOF","952","CFA Franc BCEAO","0"
"base.XPF","953","CFP Franc","0"
"base.YER","886","Yemeni Rial","2"
"base.YUM","","","2"
"base.ZAR","710","Rand","2"
"base.ZMK","","","2"
"base.ZRZ","","","2"
"base.ZWD","","","2"
